{
  "timestamp": "2025-09-05T18:09:49.724360",
  "camera_matrix": [
    [
      910.9371337890625,
      0.0,
      635.755859375
    ],
    [
      0.0,
      909.6005249023438,
      349.2037048339844
    ],
    [
      0.0,
      0.0,
      1.0
    ]
  ],
  "distortion_coefficients": [
    0.0,
    0.0,
    0.0,
    0.0,
    0.0
  ],
  "marker_size": 38,
  "num_markers_detected": 3,
  "markers": [
    {
      "id": 2,
      "translation": {
        "x": 297.945789520414,
        "y": 91.34902868668347,
        "z": 642.2722781393279
      },
      "rotation_vector": {
        "x": 2.350487148804825,
        "y": 0.9262995896609858,
        "z": -0.3744538956694478
      },
      "rotation_matrix": [
        [
          0.7195971452775192,
          0.6928544584533001,
          -0.04618060101200683
        ],
        [
          0.5303073653410904,
          -0.5912737903488571,
          -0.6075931229955516
        ],
        [
          -0.4482789831939896,
          0.41273236394530577,
          -0.792904754039653
        ]
      ],
      "distance_from_camera": 713.8837565046746,
      "corners": [
        [
          1047.0,
          446.0
        ],
        [
          1097.0,
          477.0
        ],
        [
          1070.0,
          513.0
        ],
        [
          1020.0,
          480.0
        ]
      ]
    },
    {
      "id": 0,
      "translation": {
        "x": 189.22835776182404,
        "y": 12.176455959712971,
        "z": 704.5714455430725
      },
      "rotation_vector": {
        "x": 2.325829619754855,
        "y": 0.9376124095809097,
        "z": -0.3851833108708669
      },
      "rotation_matrix": [
        [
          0.7090404249411988,
          0.7038150108189054,
          -0.0436589778303105
        ],
        [
          0.5312481214213738,
          -0.5738549665791097,
          -0.6232703352629178
        ],
        [
          -0.46372093901986433,
          0.4187301134125331,
          -0.7807867716835771
        ]
      ],
      "distance_from_camera": 729.6413909144892,
      "corners": [
        [
          874.0,
          338.0
        ],
        [
          916.0,
          364.0
        ],
        [
          886.0,
          393.0
        ],
        [
          846.0,
          366.0
        ]
      ]
    },
    {
      "id": 3,
      "translation": {
        "x": 137.10206834741405,
        "y": 143.63336840535968,
        "z": 612.5093979735154
      },
      "rotation_vector": {
        "x": 2.3554548705134475,
        "y": 0.924585814564165,
        "z": -0.35081037908624585
      },
      "rotation_matrix": [
        [
          0.7253838986723711,
          0.6876191731864603,
          -0.0315922809122855
        ],
        [
          0.5355080605495224,
          -0.592565538815527,
          -0.6017451281853083
        ],
        [
          -0.4324919844729622,
          0.41957830601049073,
          -0.7980631105946484
        ]
      ],
      "distance_from_camera": 643.8907393886691,
      "corners": [
        [
          833.0,
          526.0
        ],
        [
          880.0,
          561.0
        ],
        [
          846.0,
          601.0
        ],
        [
          800.0,
          564.0
        ]
      ]
    }
  ]
}